,Accuracy,F1 Score,Recall,Precision,ROC-AUC,PR AUC
Logistic Regression w/GridsearchCV,0.917894280762565,0.8206341694273546,0.7789757412398922,0.867,0.9546612465916136,0.9117582700054967
Random Forest w/GridsearchCV,0.895363951473137,0.7312186978297163,0.5902964959568733,0.9605263157894737,0.9417777959028316,0.8908554085255811
Support Vector Machine w/GridsearchCV,0.9222270363951474,0.8286396181384249,0.779874213836478,0.8839103869653768,0.9545535222152031,0.9165493166441882
